<ImportExportXml version="9.0.0000.1103" SolutionPackageVersion="9.0" languagecode="1049" generatedBy="CrmLive" xmlns:xsi="http://www.w3.org/2001/XMLSchema-instance">
  <SolutionManifest>
    <UniqueName>TestSolution</UniqueName>
    <LocalizedNames>
      <LocalizedName description="Test Solution" languagecode="1049" />
    </LocalizedNames>
    <Descriptions />
    <Version>1.0.0.0</Version>
    <Managed>0</Managed>
    <Publisher>
      <UniqueName>test</UniqueName>
      <LocalizedNames>
        <LocalizedName description="Test" languagecode="1049" />
      </LocalizedNames>
      <Descriptions />
      <EMailAddress xsi:nil="true"></EMailAddress>
      <SupportingWebsiteUrl xsi:nil="true"></SupportingWebsiteUrl>
      <CustomizationPrefix>new</CustomizationPrefix>
      <CustomizationOptionValuePrefix>10000</CustomizationOptionValuePrefix>
      <Addresses>
        <Address>
          <AddressNumber>1</AddressNumber>
          <AddressTypeCode>1</AddressTypeCode>
          <City xsi:nil="true"></City>
          <County xsi:nil="true"></County>
          <Country xsi:nil="true"></Country>
          <Fax xsi:nil="true"></Fax>
          <FreightTermsCode xsi:nil="true"></FreightTermsCode>
          <ImportSequenceNumber xsi:nil="true"></ImportSequenceNumber>
          <Latitude xsi:nil="true"></Latitude>
          <Line1 xsi:nil="true"></Line1>
          <Line2 xsi:nil="true"></Line2>
          <Line3 xsi:nil="true"></Line3>
          <Longitude xsi:nil="true"></Longitude>
          <Name xsi:nil="true"></Name>
          <PostalCode xsi:nil="true"></PostalCode>
          <PostOfficeBox xsi:nil="true"></PostOfficeBox>
          <PrimaryContactName xsi:nil="true"></PrimaryContactName>
          <ShippingMethodCode>1</ShippingMethodCode>
          <StateOrProvince xsi:nil="true"></StateOrProvince>
          <Telephone1 xsi:nil="true"></Telephone1>
          <Telephone2 xsi:nil="true"></Telephone2>
          <Telephone3 xsi:nil="true"></Telephone3>
          <TimeZoneRuleVersionNumber xsi:nil="true"></TimeZoneRuleVersionNumber>
          <UPSZone xsi:nil="true"></UPSZone>
          <UTCOffset xsi:nil="true"></UTCOffset>
          <UTCConversionTimeZoneCode xsi:nil="true"></UTCConversionTimeZoneCode>
        </Address>
        <Address>
          <AddressNumber>2</AddressNumber>
          <AddressTypeCode>1</AddressTypeCode>
          <City xsi:nil="true"></City>
          <County xsi:nil="true"></County>
          <Country xsi:nil="true"></Country>
          <Fax xsi:nil="true"></Fax>
          <FreightTermsCode xsi:nil="true"></FreightTermsCode>
          <ImportSequenceNumber xsi:nil="true"></ImportSequenceNumber>
          <Latitude xsi:nil="true"></Latitude>
          <Line1 xsi:nil="true"></Line1>
          <Line2 xsi:nil="true"></Line2>
          <Line3 xsi:nil="true"></Line3>
          <Longitude xsi:nil="true"></Longitude>
          <Name xsi:nil="true"></Name>
          <PostalCode xsi:nil="true"></PostalCode>
          <PostOfficeBox xsi:nil="true"></PostOfficeBox>
          <PrimaryContactName xsi:nil="true"></PrimaryContactName>
          <ShippingMethodCode>1</ShippingMethodCode>
          <StateOrProvince xsi:nil="true"></StateOrProvince>
          <Telephone1 xsi:nil="true"></Telephone1>
          <Telephone2 xsi:nil="true"></Telephone2>
          <Telephone3 xsi:nil="true"></Telephone3>
          <TimeZoneRuleVersionNumber xsi:nil="true"></TimeZoneRuleVersionNumber>
          <UPSZone xsi:nil="true"></UPSZone>
          <UTCOffset xsi:nil="true"></UTCOffset>
          <UTCConversionTimeZoneCode xsi:nil="true"></UTCConversionTimeZoneCode>
        </Address>
      </Addresses>
    </Publisher>
    <RootComponents>
      <RootComponent type="1" schemaName="contact" behavior="0" />
      <RootComponent type="1" schemaName="email" behavior="1" />
      <RootComponent type="1" schemaName="msdyn_wallsavedqueryusersettings" behavior="2" />
      <RootComponent type="1" schemaName="systemuser" behavior="0" />
      <RootComponent type="1" schemaName="team" behavior="0" />
      <RootComponent type="29" id="{34ae1519-df49-47b4-9470-e49c0014809e}" behavior="0" />
      <RootComponent type="60" id="{1fed44d1-ae68-4a41-bd2b-f13acac4acfa}" behavior="0" />
      <RootComponent type="60" id="{70ad8b15-e3f3-4d7d-9e4b-16cb4e51b484}" behavior="0" />
      <RootComponent type="60" id="{c2cd9e55-d4b4-4b55-9951-16ead79643e5}" behavior="0" />
      <RootComponent type="61" schemaName="new_Contact_Button_Commands" behavior="0" />
      <RootComponent type="61" schemaName="new_Contact_Ribbon_Rules" behavior="0" />
      <RootComponent type="91" id="{9abaddd0-9dd7-4500-a275-b940fa64cf75}" schemaName="CRMTestTask, Version=1.0.0.0, Culture=neutral, PublicKeyToken=fda761c62ac27c21" behavior="0" />
      <RootComponent type="91" id="{67998369-3192-4cd5-ab24-5926443b81af}" schemaName="CRMTestTask.WF, Version=1.0.0.0, Culture=neutral, PublicKeyToken=a1d4fae15f692172" behavior="0" />
    </RootComponents>
    <MissingDependencies>
      <MissingDependency>
        <Required key="0" type="1" schemaName="msdyn_wallsavedqueryusersettings" displayName="Фильтр" solution="ActivityFeedsCore (9.0.0.0)" />
        <Dependent key="1" type="2" schemaName="msdyn_useridname" parentSchemaName="msdyn_wallsavedqueryusersettings" parentDisplayName="Фильтр" />
      </MissingDependency>
      <MissingDependency>
        <Required key="0" type="1" schemaName="msdyn_wallsavedqueryusersettings" displayName="Фильтр" solution="ActivityFeedsCore (9.0.0.0)" />
        <Dependent key="2" type="2" schemaName="msdyn_useridyominame" parentSchemaName="msdyn_wallsavedqueryusersettings" parentDisplayName="Фильтр" />
      </MissingDependency>
      <MissingDependency>
        <Required key="0" type="1" schemaName="msdyn_wallsavedqueryusersettings" displayName="Фильтр" solution="ActivityFeedsCore (9.0.0.0)" />
        <Dependent key="0" type="1" schemaName="msdyn_wallsavedqueryusersettings" displayName="Фильтр" />
      </MissingDependency>
      <MissingDependency>
        <Required key="0" type="1" schemaName="msdyn_wallsavedqueryusersettings" displayName="Фильтр" solution="ActivityFeedsCore (9.0.0.0)" />
        <Dependent key="3" type="10" schemaName="msdyn_systemuser_wallsavedqueryusersettings_userid" displayName="msdyn_systemuser_wallsavedqueryusersettings_userid" parentSchemaName="msdyn_wallsavedqueryusersettings" parentDisplayName="Фильтр" />
      </MissingDependency>
      <MissingDependency>
        <Required key="4" type="1" schemaName="incident" displayName="Обращение" solution="msdynce_Service (9.0.0.1053)" />
        <Dependent key="5" type="60" displayName="Контакт" parentDisplayName="Контакт" id="{1fed44d1-ae68-4a41-bd2b-f13acac4acfa}" />
      </MissingDependency>
      <MissingDependency>
        <Required key="6" type="1" schemaName="entitlement" displayName="Объем обслуживания" solution="msdynce_Service (9.0.0.1053)" />
        <Dependent key="5" type="60" displayName="Контакт" parentDisplayName="Контакт" id="{1fed44d1-ae68-4a41-bd2b-f13acac4acfa}" />
      </MissingDependency>
      <MissingDependency>
        <Required key="7" type="1" schemaName="opportunity" displayName="Возможная сделка" solution="msdynce_Sales (9.0.0.1053)" />
        <Dependent key="5" type="60" displayName="Контакт" parentDisplayName="Контакт" id="{1fed44d1-ae68-4a41-bd2b-f13acac4acfa}" />
      </MissingDependency>
      <MissingDependency>
        <Required key="8" type="2" schemaName="siteid" displayName="Место" parentSchemaName="systemuser" parentDisplayName="Пользователь" solution="msdynce_Service (9.0.0.1053)" />
        <Dependent key="9" type="60" displayName="Пользователь" parentDisplayName="Пользователь" id="{c2cd9e55-d4b4-4b55-9951-16ead79643e5}" />
      </MissingDependency>
      <MissingDependency>
        <Required key="8" type="2" schemaName="siteid" displayName="Место" parentSchemaName="systemuser" parentDisplayName="Пользователь" solution="msdynce_Service (9.0.0.1053)" />
        <Dependent key="10" type="60" displayName="Сведения" parentDisplayName="Пользователь" id="{c0d7d7dd-afd0-4675-85fe-1cc5a48be6df}" />
      </MissingDependency>
      <MissingDependency>
        <Required key="11" type="2" schemaName="preferredserviceid" displayName="Основной сервис" parentSchemaName="contact" parentDisplayName="Контакт" solution="msdynce_Service (9.0.0.1053)" />
        <Dependent key="12" type="60" displayName="Сведения" parentDisplayName="Контакт" id="{894cc46a-b0cb-4ab0-8bf6-200544e46a2d}" />
      </MissingDependency>
      <MissingDependency>
        <Required key="13" type="2" schemaName="defaultpricelevelid" displayName="Прайс-лист" parentSchemaName="contact" parentDisplayName="Контакт" solution="msdynce_ProductManagement (9.0.0.1053)" />
        <Dependent key="12" type="60" displayName="Сведения" parentDisplayName="Контакт" id="{894cc46a-b0cb-4ab0-8bf6-200544e46a2d}" />
      </MissingDependency>
      <MissingDependency>
        <Required key="14" type="2" schemaName="preferredequipmentid" displayName="Основное помещение/оборудование" parentSchemaName="contact" parentDisplayName="Контакт" solution="msdynce_Service (9.0.0.1053)" />
        <Dependent key="12" type="60" displayName="Сведения" parentDisplayName="Контакт" id="{894cc46a-b0cb-4ab0-8bf6-200544e46a2d}" />
      </MissingDependency>
      <MissingDependency>
        <Required key="15" type="2" schemaName="originatingleadid" displayName="Источник интереса" parentSchemaName="contact" parentDisplayName="Контакт" solution="msdynce_LeadManagement (9.0.0.1053)" />
        <Dependent key="5" type="60" displayName="Контакт" parentDisplayName="Контакт" id="{1fed44d1-ae68-4a41-bd2b-f13acac4acfa}" />
      </MissingDependency>
      <MissingDependency>
        <Required key="15" type="2" schemaName="originatingleadid" displayName="Источник интереса" parentSchemaName="contact" parentDisplayName="Контакт" solution="msdynce_LeadManagement (9.0.0.1053)" />
        <Dependent key="12" type="60" displayName="Сведения" parentDisplayName="Контакт" id="{894cc46a-b0cb-4ab0-8bf6-200544e46a2d}" />
      </MissingDependency>
      <MissingDependency>
        <Required key="16" type="2" schemaName="msdyn_userid" displayName="Идентификатор пользователя" parentSchemaName="msdyn_wallsavedqueryusersettings" parentDisplayName="Фильтр" solution="ActivityFeedsCore (9.0.0.0)" />
        <Dependent key="3" type="10" schemaName="msdyn_systemuser_wallsavedqueryusersettings_userid" displayName="msdyn_systemuser_wallsavedqueryusersettings_userid" parentSchemaName="msdyn_wallsavedqueryusersettings" parentDisplayName="Фильтр" />
      </MissingDependency>
      <MissingDependency>
        <Required key="17" type="2" schemaName="territoryid" displayName="Территория" parentSchemaName="systemuser" parentDisplayName="Пользователь" solution="msdynce_AppCommon (9.0.0.1053)" />
        <Dependent key="10" type="60" displayName="Сведения" parentDisplayName="Пользователь" id="{c0d7d7dd-afd0-4675-85fe-1cc5a48be6df}" />
      </MissingDependency>
      <MissingDependency>
        <Required key="17" type="2" schemaName="territoryid" displayName="Территория" parentSchemaName="systemuser" parentDisplayName="Пользователь" solution="msdynce_AppCommon (9.0.0.1053)" />
        <Dependent key="9" type="60" displayName="Пользователь" parentDisplayName="Пользователь" id="{c2cd9e55-d4b4-4b55-9951-16ead79643e5}" />
      </MissingDependency>
      <MissingDependency>
        <Required key="16" type="2" schemaName="msdyn_userid" displayName="Идентификатор пользователя" parentSchemaName="msdyn_wallsavedqueryusersettings" parentDisplayName="Фильтр" solution="ActivityFeedsCore (9.0.0.0)" />
        <Dependent key="16" type="2" schemaName="msdyn_userid" displayName="Идентификатор пользователя" parentSchemaName="msdyn_wallsavedqueryusersettings" parentDisplayName="Фильтр" />
      </MissingDependency>
      <MissingDependency>
        <Required key="3" type="10" schemaName="msdyn_systemuser_wallsavedqueryusersettings_userid" displayName="msdyn_systemuser_wallsavedqueryusersettings_userid" parentSchemaName="msdyn_wallsavedqueryusersettings" parentDisplayName="Фильтр" solution="ActivityFeedsCore (9.0.0.0)" />
        <Dependent key="3" type="10" schemaName="msdyn_systemuser_wallsavedqueryusersettings_userid" displayName="msdyn_systemuser_wallsavedqueryusersettings_userid" parentSchemaName="msdyn_wallsavedqueryusersettings" parentDisplayName="Фильтр" />
      </MissingDependency>
      <MissingDependency>
        <Required key="3" type="10" schemaName="msdyn_systemuser_wallsavedqueryusersettings_userid" displayName="msdyn_systemuser_wallsavedqueryusersettings_userid" parentSchemaName="msdyn_wallsavedqueryusersettings" parentDisplayName="Фильтр" solution="ActivityFeedsCore (9.0.0.0)" />
        <Dependent key="2" type="2" schemaName="msdyn_useridyominame" parentSchemaName="msdyn_wallsavedqueryusersettings" parentDisplayName="Фильтр" />
      </MissingDependency>
      <MissingDependency>
        <Required key="3" type="10" schemaName="msdyn_systemuser_wallsavedqueryusersettings_userid" displayName="msdyn_systemuser_wallsavedqueryusersettings_userid" parentSchemaName="msdyn_wallsavedqueryusersettings" parentDisplayName="Фильтр" solution="ActivityFeedsCore (9.0.0.0)" />
        <Dependent key="1" type="2" schemaName="msdyn_useridname" parentSchemaName="msdyn_wallsavedqueryusersettings" parentDisplayName="Фильтр" />
      </MissingDependency>
      <MissingDependency>
        <Required key="18" type="26" schemaName="Мои открытые возможные сделки" displayName="Мои открытые возможные сделки" parentSchemaName="opportunity" parentDisplayName="Возможная сделка" solution="msdynce_Sales (9.0.0.1053)" id="{00000000-0000-0000-00aa-000010003000}" />
        <Dependent key="5" type="60" displayName="Контакт" parentDisplayName="Контакт" id="{1fed44d1-ae68-4a41-bd2b-f13acac4acfa}" />
      </MissingDependency>
      <MissingDependency>
        <Required key="19" type="26" schemaName="Мои активные обращения" displayName="Мои активные обращения" parentSchemaName="incident" parentDisplayName="Обращение" solution="msdynce_Service (9.0.0.1053)" id="{00000000-0000-0000-00aa-000010001028}" />
        <Dependent key="5" type="60" displayName="Контакт" parentDisplayName="Контакт" id="{1fed44d1-ae68-4a41-bd2b-f13acac4acfa}" />
      </MissingDependency>
      <MissingDependency>
        <Required key="20" type="26" schemaName="Активные сервисы" displayName="Активные сервисы" parentSchemaName="service" parentDisplayName="Сервис" solution="msdynce_Service (9.0.0.1053)" id="{2bd4de5e-a7b4-4f5d-8fde-eb3b62d8e2b2}" />
        <Dependent key="12" type="60" displayName="Сведения" parentDisplayName="Контакт" id="{894cc46a-b0cb-4ab0-8bf6-200544e46a2d}" />
      </MissingDependency>
      <MissingDependency>
        <Required key="21" type="26" schemaName="Все контакты" displayName="Все контакты" parentSchemaName="contact" parentDisplayName="Контакт" solution="msdynce_Service (9.0.0.1053)" id="{3a3d00e4-ad90-4aa3-b9ab-1e4f82900d29}" />
        <Dependent key="22" type="60" displayName="Панель мониторинга контактов" parentDisplayName="Контакт" id="{70ad8b15-e3f3-4d7d-9e4b-16cb4e51b484}" />
      </MissingDependency>
      <MissingDependency>
        <Required key="23" type="26" schemaName="Последние обращения" displayName="Последние обращения" parentSchemaName="incident" parentDisplayName="Обращение" solution="msdynce_Service (9.0.0.1053)" id="{ebd1d24a-eea7-e211-9fb6-00155dd0ea05}" />
        <Dependent key="5" type="60" displayName="Контакт" parentDisplayName="Контакт" id="{1fed44d1-ae68-4a41-bd2b-f13acac4acfa}" />
      </MissingDependency>
      <MissingDependency>
        <Required key="24" type="26" schemaName="Последние возможные сделки" displayName="Последние возможные сделки" parentSchemaName="opportunity" parentDisplayName="Возможная сделка" solution="msdynce_Sales (9.0.0.1053)" id="{9c3f7ee8-eca7-e211-9fb6-00155dd0ea05}" />
        <Dependent key="5" type="60" displayName="Контакт" parentDisplayName="Контакт" id="{1fed44d1-ae68-4a41-bd2b-f13acac4acfa}" />
      </MissingDependency>
      <MissingDependency>
        <Required key="25" type="26" schemaName="Объемы обслуживания для контакта" displayName="Объемы обслуживания для контакта" parentSchemaName="entitlement" parentDisplayName="Объем обслуживания" solution="msdynce_Service (9.0.0.1053)" id="{d227ed1d-362f-4ab5-8125-684d5f52caeb}" />
        <Dependent key="5" type="60" displayName="Контакт" parentDisplayName="Контакт" id="{1fed44d1-ae68-4a41-bd2b-f13acac4acfa}" />
      </MissingDependency>
      <MissingDependency>
        <Required key="26" type="59" schemaName="Набор обращений (по бизнес-единице)" displayName="Набор обращений (по бизнес-единице)" parentSchemaName="incident" parentDisplayName="Обращение" solution="msdynce_Service (9.0.0.1053)" id="{f10375a6-4893-de11-97d4-00155da3b01e}" />
        <Dependent key="5" type="60" displayName="Контакт" parentDisplayName="Контакт" id="{1fed44d1-ae68-4a41-bd2b-f13acac4acfa}" />
      </MissingDependency>
      <MissingDependency>
        <Required key="27" type="59" schemaName="Главные клиенты" displayName="Главные клиенты" parentSchemaName="opportunity" parentDisplayName="Возможная сделка" solution="msdynce_Sales (9.0.0.1053)" id="{8bc5fb18-48f2-4782-9e16-3d452fa4ddce}" />
        <Dependent key="5" type="60" displayName="Контакт" parentDisplayName="Контакт" id="{1fed44d1-ae68-4a41-bd2b-f13acac4acfa}" />
      </MissingDependency>
      <MissingDependency>
        <Required key="28" type="60" displayName="карточка контакта организации" parentDisplayName="Контакт" solution="msdynce_AppCommon (9.0.0.1053)" id="{29de27bc-a257-4f29-99cf-bab4a84e688f}" />
        <Dependent key="5" type="60" displayName="Контакт" parentDisplayName="Контакт" id="{1fed44d1-ae68-4a41-bd2b-f13acac4acfa}" />
      </MissingDependency>
      <MissingDependency>
        <Required key="5" type="60" displayName="Контакт" parentDisplayName="Контакт" solution="msdynce_AppCommon (9.0.0.1053)" id="{1fed44d1-ae68-4a41-bd2b-f13acac4acfa}" />
        <Dependent key="5" type="60" displayName="Контакт" parentDisplayName="Контакт" id="{1fed44d1-ae68-4a41-bd2b-f13acac4acfa}" />
      </MissingDependency>
      <MissingDependency>
        <Required key="12" type="60" displayName="Сведения" parentDisplayName="Контакт" solution="msdynce_AppCommon (9.0.0.1053)" id="{894cc46a-b0cb-4ab0-8bf6-200544e46a2d}" />
        <Dependent key="12" type="60" displayName="Сведения" parentDisplayName="Контакт" id="{894cc46a-b0cb-4ab0-8bf6-200544e46a2d}" />
      </MissingDependency>
      <MissingDependency>
        <Required key="22" type="60" displayName="Панель мониторинга контактов" parentDisplayName="Контакт" solution="msdynce_Service (9.0.0.1053)" id="{70ad8b15-e3f3-4d7d-9e4b-16cb4e51b484}" />
        <Dependent key="22" type="60" displayName="Панель мониторинга контактов" parentDisplayName="Контакт" id="{70ad8b15-e3f3-4d7d-9e4b-16cb4e51b484}" />
      </MissingDependency>
      <MissingDependency>
        <Required key="29" type="66" schemaName="MscrmControls.CardFeedContainer.CardFeedContainer" displayName="MscrmControls.CardFeedContainer.CardFeedContainer" solution="CustomControlsCore (9.0.0000.1103)" />
        <Dependent key="5" type="60" displayName="Контакт" parentDisplayName="Контакт" id="{1fed44d1-ae68-4a41-bd2b-f13acac4acfa}" />
      </MissingDependency>
      <MissingDependency>
        <Required key="30" type="61" schemaName="msdyn_/RecordWall.htm" displayName="msdyn_/RecordWall.htm" solution="ActivityFeedsCore (9.0.0.0)" />
        <Dependent key="10" type="60" displayName="Сведения" parentDisplayName="Пользователь" id="{c0d7d7dd-afd0-4675-85fe-1cc5a48be6df}" />
      </MissingDependency>
      <MissingDependency>
        <Required key="31" type="61" schemaName="msdyn_/ActivityFeeds.Form.js" displayName="msdyn_/ActivityFeeds.Form.js" solution="ActivityFeedsCore (9.0.0.0)" />
        <Dependent key="10" type="60" displayName="Сведения" parentDisplayName="Пользователь" id="{c0d7d7dd-afd0-4675-85fe-1cc5a48be6df}" />
      </MissingDependency>
      <MissingDependency>
        <Required key="31" type="61" schemaName="msdyn_/ActivityFeeds.Form.js" displayName="msdyn_/ActivityFeeds.Form.js" solution="ActivityFeedsCore (9.0.0.0)" />
        <Dependent key="12" type="60" displayName="Сведения" parentDisplayName="Контакт" id="{894cc46a-b0cb-4ab0-8bf6-200544e46a2d}" />
      </MissingDependency>
      <MissingDependency>
        <Required key="30" type="61" schemaName="msdyn_/RecordWall.htm" displayName="msdyn_/RecordWall.htm" solution="ActivityFeedsCore (9.0.0.0)" />
        <Dependent key="12" type="60" displayName="Сведения" parentDisplayName="Контакт" id="{894cc46a-b0cb-4ab0-8bf6-200544e46a2d}" />
      </MissingDependency>
    </MissingDependencies>
  </SolutionManifest>
</ImportExportXml>